,product_id,figure_id,manufacturer,product_name,year,product_descr,Product Type,seller,price,exclusive_to_retailer_id,af_descr,likeness,storage_location,Adventure,Air Force,Armor,Army,Astronaut,Avengers,Celebrity,Civilian,Coast Guard,Comics,DC Comics,Fashion,Fire Fighter,Foreign,Horror,Knight,Marines,Martial Arts,Marvel Comics,Navy,Police,RAH/Cobra,Sci-Fi,Sports,Spy,TV/Film,Warrior,Western,World Leader,X-Men,Half Decade
0,1,1,21st Century Toys,82nd Airborne Infantry (modern),1998,Carded set placed on generic Ultimate Soldier figure;,1:6 figure,KB Toys,14.99,,,,03.03,0,0,0,1,0,0,0,0,0,0,0,0,0,0,0,0,0,0,0,0,0,0,0,0,0,0,0,0,0,0,1995
5,5,6,21st Century Toys,S.W.A.T. Commander,1999,,1:6 figure,KB Toys,29.99,,,,03.00,0,0,0,0,0,0,0,0,0,0,0,0,0,0,0,0,0,0,0,0,1,0,0,0,0,0,0,0,0,0,1995
6,6,7,21st Century Toys,S.W.A.T. Motorcycle and Rider,2000,,1:6 figure,KB Toys,19.99,,,,03.07,0,0,0,0,0,0,0,0,0,0,0,0,0,0,0,0,0,0,0,0,1,0,0,0,0,0,0,0,0,0,2000
14,14,15,bbi,"101st Airborne, Corporal ""Bud"" Norris",2001,,1:6 figure,Small Blue Planet,39.99,,,,window.left.top.middle,0,0,0,1,0,0,0,0,0,0,0,0,0,0,0,0,0,0,0,0,0,0,0,0,0,0,0,0,0,0,2000
16,16,17,bbi,Blaze,2000,,1:6 figure,Small Blue Planet,23.99,,,,03.29,0,0,0,0,0,0,0,0,0,0,0,0,0,0,0,0,0,0,0,0,0,0,1,0,0,0,0,0,0,0,2000
20,20,21,bbi,"F-15C Eagle Pilot ""Viper""",2001,Sunglasses broken - need repair;,1:6 figure,Small Blue Planet,39.99,,,,window.right.top.middle,0,1,0,0,0,0,0,0,0,0,0,0,0,0,0,0,0,0,0,0,0,0,0,0,0,0,0,0,0,0,2000
25,24,26,bbi,Jet,2000,"Purchased complete but loose, no box;",1:6 figure,Small Blue Planet,14.99,,,,03.01,0,0,0,0,0,0,0,0,0,0,0,0,0,0,0,0,0,0,0,0,0,0,1,0,0,0,0,0,0,0,2000
27,26,28,bbi,"Marine Force Recon, ""Sniper""",1999,Figure has custom facial expression mechanism;,1:6 figure,Small Blue Planet,29.99,,,,desk.right.top.upper,0,0,0,0,0,0,0,0,0,0,0,0,0,0,0,0,1,0,0,0,0,0,0,0,0,0,0,0,0,0,1995
30,29,31,bbi,Perfect Body,2001,Can be used for customization; Currently in original outfit; ,1:6 figure,Small Blue Planet,14.99,,,,03.36,0,0,0,0,0,0,0,1,0,0,0,0,0,0,0,0,0,0,0,0,0,0,0,0,0,0,0,0,0,0,2000
37,36,38,bbi,"U.S. Air Force Pararescue, Sgt. W. ""Bones"" Wilson",2002,Accessories are delicate;,1:6 figure,Small Blue Planet,39.99,,,,window.left.bottom.middle,0,1,0,0,0,0,0,0,0,0,0,0,0,0,0,0,0,0,0,0,0,0,0,0,0,0,0,0,0,0,2000
38,37,39,bbi,"U.S. Air Force Pararescue, Sgt. W. ""Bones"" Wilson",2002,Accessories are delicate;,1:6 figure,Small Blue Planet,39.99,,"Figure currently in a state of disarray. Head detached. Broken parts, etc.",,03.19,0,1,0,0,0,0,0,0,0,0,0,0,0,0,0,0,0,0,0,0,0,0,0,0,0,0,0,0,0,0,2000
39,38,40,bbi,"U.S. Marine Corps, Sergeant Dusty Rhodes",2002,,1:6 figure,Small Blue Planet,39.99,,,George Clooney,03.00,0,0,0,0,0,0,0,0,0,0,0,0,0,0,0,0,1,0,0,0,0,0,0,0,0,0,0,0,0,0,2000
40,39,41,bbi,"U.S. Pilot, Lt. ""Doc"" Miller",2001,Needs year f release verified;,1:6 figure,Small Blue Planet,39.99,,,,03.00,0,1,0,0,0,0,0,0,0,0,0,0,0,0,0,0,0,0,0,0,0,0,0,0,0,0,0,0,0,0,2000
41,40,42,Blitzkrieg Toyz,"Fidel Casto, El Comandante",2001,,1:6 figure,,60.0,,,Fidel Castro,window.right.bottom.lower,0,0,0,0,0,0,0,0,0,0,0,0,0,0,0,0,0,0,0,0,0,0,0,0,0,0,0,0,1,0,2000
42,41,43,Chronicle Books,Action Soldier (Masterpiece Edition),1996,"Includes book ""G.I. Joe: The Story Behind the Legend.""",1:6 figure,Gene's Books,60.0,,,,03.24,0,0,0,1,0,0,0,0,0,0,0,0,0,0,0,0,0,0,0,0,0,0,0,0,0,0,0,0,0,0,1995
64,60,65,DC Direct/DC Collectibles,Aquaman,2006,,1:6 figure,Showcase Comics,59.99,,,,03.31,0,0,0,0,0,0,0,0,0,1,0,0,0,0,0,0,0,0,0,0,0,0,0,0,0,0,0,0,0,0,2005
67,63,68,DC Direct/DC Collectibles,Batman,2006,Grey & black costume,1:6 figure,Showcase Comics,69.99,,,,desk.left.top.lower,0,0,0,0,0,0,0,0,0,1,0,0,0,0,0,0,0,0,0,0,0,0,0,0,0,0,0,0,0,0,2005
68,64,69,DC Direct/DC Collectibles,Batman Classic,2007,Grey & blue costume,1:6 figure,Showcase Comics,69.99,,,,desk.left.top.lower,0,0,0,0,0,0,0,0,0,1,0,0,0,0,0,0,0,0,0,0,0,0,0,0,0,0,0,0,0,0,2005
69,65,70,DC Direct/DC Collectibles,Bizarro,2008,,1:6 figure,Showcase Comics,69.99,,,,03.34,0,0,0,0,0,0,0,0,0,1,0,0,0,0,0,0,0,0,0,0,0,0,0,0,0,0,0,0,0,0,2005
70,66,71,DC Direct/DC Collectibles,Black Canary,2008,,1:6 figure,Showcase Comics,89.99,,,,03.04,0,0,0,0,0,0,0,0,0,1,0,0,0,0,0,0,0,0,0,0,0,0,0,0,0,0,0,0,0,0,2005
71,67,72,DC Direct/DC Collectibles,Catwoman ,2007,,1:6 figure,Showcase Comics,69.99,,,,03.24,0,0,0,0,0,0,0,0,0,1,0,0,0,0,0,0,0,0,0,0,0,0,0,0,0,0,0,0,0,0,2005
72,68,73,DC Direct/DC Collectibles,Catwoman Classic,2010,,1:6 figure,Amazon,64.5,,,,03.14,0,0,0,0,0,0,0,0,0,1,0,0,0,0,0,0,0,0,0,0,0,0,0,0,0,0,0,0,0,0,2010
73,69,74,DC Direct/DC Collectibles,Flash,2007,,1:6 figure,Showcase Comics,59.99,,,,03.00,0,0,0,0,0,0,0,0,0,1,0,0,0,0,0,0,0,0,0,0,0,0,0,0,0,0,0,0,0,0,2005
74,70,75,DC Direct/DC Collectibles,Green Arrow,2008,,1:6 figure,Showcase Comics,80.0,,,,03.33,0,0,0,0,0,0,0,0,0,1,0,0,0,0,0,0,0,0,0,0,0,0,0,0,0,0,0,0,0,0,2005
75,71,76,DC Direct/DC Collectibles,Green Lantern,2006,,1:6 figure,Showcase Comics,59.99,,,,03.00,0,0,0,0,0,0,0,0,0,1,0,0,0,0,0,0,0,0,0,0,0,0,0,0,0,0,0,0,0,0,2005
76,72,77,DC Direct/DC Collectibles,Green Lantern Corps,2008,Tomar Re; Abin Sur; NautKeLoi; Hal Jordan,1:6 figure,Showcase Comics,99.99,,,,03.00,0,0,0,0,0,0,0,0,0,1,0,0,0,0,0,0,0,0,0,0,0,0,0,0,0,0,0,0,0,0,2005
77,73,78,DC Direct/DC Collectibles,Harley Quinn,2008,,1:6 figure,Showcase Comics,79.99,,,,03.00,0,0,0,0,0,0,0,0,0,1,0,0,0,0,0,0,0,0,0,0,0,0,0,0,0,0,0,0,0,0,2005
78,74,79,DC Direct/DC Collectibles,Joker,2008,,1:6 figure,Showcase Comics,89.99,,,,03.27,0,0,0,0,0,0,0,0,0,1,0,0,0,0,0,0,0,0,0,0,0,0,0,0,0,0,0,0,0,0,2005
79,75,80,DC Direct/DC Collectibles,Lex Luthor,2006,,1:6 figure,Showcase Comics,59.99,,,,03.35,0,0,0,0,0,0,0,0,0,1,0,0,0,0,0,0,0,0,0,0,0,0,0,0,0,0,0,0,0,0,2005
80,76,81,DC Direct/DC Collectibles,Martian Manhunter,2007,,1:6 figure,Showcase Comics,69.99,,,,03.33,0,0,0,0,0,0,0,0,0,1,0,0,0,0,0,0,0,0,0,0,0,0,0,0,0,0,0,0,0,0,2005
82,78,83,DC Direct/DC Collectibles,Power Girl,2007,,1:6 figure,Showcase Comics,69.99,,,,03.01,0,0,0,0,0,0,0,0,0,1,0,0,0,0,0,0,0,0,0,0,0,0,0,0,0,0,0,0,0,0,2005
84,80,85,DC Direct/DC Collectibles,Sgt. Rock,2009,,1:6 figure,Showcase Comics,90.0,,,,03.03,0,0,0,1,0,0,0,0,0,1,0,0,0,0,0,0,0,0,0,0,0,0,0,0,0,0,0,0,0,0,2005
85,81,86,DC Direct/DC Collectibles,Shazam,2007,Captain Marvel,1:6 figure,Showcase Comics,59.99,,,,03.00,0,0,0,0,0,0,0,0,0,1,0,0,0,0,0,0,0,0,0,0,0,0,0,0,0,0,0,0,0,0,2005
86,82,87,DC Direct/DC Collectibles,Sinestro,2009,,1:6 figure,Stormwatch Comics,99.99,,,,03.00,0,0,0,0,0,0,0,0,0,1,0,0,0,0,0,0,0,0,0,0,0,0,0,0,0,0,0,0,0,0,2005
87,83,88,DC Direct/DC Collectibles,Supergirl Classic,2009,,1:6 figure,Showcase Comics,89.99,,,,03.00,0,0,0,0,0,0,0,0,0,1,0,0,0,0,0,0,0,0,0,0,0,0,0,0,0,0,0,0,0,0,2005
89,85,90,DC Direct/DC Collectibles,Superman Classic,2007,,1:6 figure,Showcase Comics,69.99,,,,03.00,0,0,0,0,0,0,0,0,0,1,0,0,0,0,0,0,0,0,0,0,0,0,0,0,0,0,0,0,0,0,2005
90,86,91,DC Direct/DC Collectibles,The Flash: The Golden Age,2009,,1:6 figure,Showcase Comics,99.99,,,,03.03,0,0,0,0,0,0,0,0,0,1,0,0,0,0,0,0,0,0,0,0,0,0,0,0,0,0,0,0,0,0,2005
91,87,92,DC Direct/DC Collectibles,Two-Face,2006,,1:6 figure,Showcase Comics,59.99,,,,03.17,0,0,0,0,0,0,0,0,0,1,0,0,0,0,0,0,0,0,0,0,0,0,0,0,0,0,0,0,0,0,2005
92,88,93,DC Direct/DC Collectibles,Wonder Woman,2009,,1:6 figure,Amazon,79.45,,,,03.31,0,0,0,0,0,0,0,0,0,1,0,0,0,0,0,0,0,0,0,0,0,0,0,0,0,0,0,0,0,0,2005
93,89,94,DC Direct/DC Collectibles,Zatana,2009,,1:6 figure,Showcase Comics,90.0,,,,03.00,0,0,0,0,0,0,0,0,0,1,0,0,0,0,0,0,0,0,0,0,0,0,0,0,0,0,0,0,0,0,2005
95,91,96,DiD,HJ - Hitler Jugend,2007,,1:6 figure,,59.95,,,,03.00,0,0,0,0,0,0,0,0,0,0,0,0,0,1,0,0,0,0,0,0,0,0,0,0,0,0,0,0,0,0,2005
98,94,99,Dragon,"1st Infantry Division ""Big Red One"", (Sergeant) ""Dave"" (Normandy, 1944)",1999,Collector's Edition (750) includes Ron Volstad print;,1:6 figure,Small Blue Planet,41.99,,,,03.00,0,0,0,1,0,0,0,0,0,0,0,0,0,0,0,0,0,0,0,0,0,0,0,0,0,0,0,0,0,0,1995
99,95,100,Dragon,"3rd Fallschirmj√§ger Division (Feldwebel), ""Meyer"" (Ardennes, 1944)",2001,,1:6 figure,Small Blue Planet,39.99,,,,window.left.bottom.lower,0,0,0,0,0,0,0,0,0,0,0,0,0,1,0,0,0,0,0,0,0,0,0,0,0,0,0,0,0,0,2000
100,96,101,Dragon,"5th SF Group Green Berets, Mike",2001,,1:6 figure,Small Blue Planet,34.99,,,,window.left.bottom.middle,0,0,0,1,0,0,0,0,0,0,0,0,0,0,0,0,0,0,0,0,0,0,0,0,0,0,0,0,0,0,2000
101,97,102,Dragon,"A.F.S.O.C. PJ, ""Bob""",2001,,1:6 figure,Small Blue Planet,44.99,,,,03.10,0,1,0,0,0,0,0,0,0,0,0,0,0,0,0,0,0,0,0,0,0,0,0,0,0,0,0,0,0,0,2000
109,104,110,Dragon,"Kriegsmarine Warrant Officer (Stabsbootsmann), Georg (Dieppe, 1942)",2002,,1:6 figure,The Duffle Bag,36.0,,,David Duchovny,03.00,0,0,0,0,0,0,0,0,0,0,0,0,0,1,0,0,0,0,0,0,0,0,0,0,0,0,0,0,0,0,2000
112,107,113,Dragon,"The Desert Fox (Generalfeldmarschall), ""Rommel"" (North Africa, 1942)",2001,Included display case;,1:6 figure,,45.0,,,Erwin Rommel,window.right.bottom.lower,0,0,0,0,0,0,0,0,0,0,0,0,0,1,0,0,0,0,0,0,0,0,0,0,0,0,0,0,0,0,2000
113,108,114,Dragon,"U.S. Army Special Ops. Sergeant, ""Brian"" (Kuwait City, 1991, Gulf War 10th Anniversary)",2001,,1:6 figure,Small Blue Planet,39.99,,,,03.00,0,0,0,1,0,0,0,0,0,0,0,0,0,0,0,0,0,0,0,0,0,0,0,0,0,0,0,0,0,0,2000
114,109,115,Dragon,"U.S. Marines, ""Russell"" (Khe Sanh, 1968)",2001,,1:6 figure,Small Blue Planet,34.99,,,Russell Crowe,03.00,0,0,0,0,0,0,0,0,0,0,0,0,0,0,0,0,1,0,0,0,0,0,0,0,0,0,0,0,0,0,2000
121,116,122,Dragon,"U.S.M.C. Sniper, ""Jack"" (Pussan, 1950)",2000,,1:6 figure,Small Blue Planet,39.99,,,,03.10,0,0,0,0,0,0,0,0,0,0,0,0,0,0,0,0,1,0,0,0,0,0,0,0,0,0,0,0,0,0,2000
139,131,140,Dynamite,Vampirella (Asian Edition),2017,,1:6 figure,Entertainment Earth,144.99,,,,window.right.bottom.upper,0,0,0,0,0,0,0,0,0,1,0,0,0,0,1,0,0,0,0,0,0,0,0,0,0,0,0,0,0,0,2015
143,135,144,Figures Toy Company,Evel Kneivel (White outfit),2013,,1:6 figure,Entertainment Earth,79.99,,,Evel Kneivel,desk.above.02,0,0,0,0,0,0,1,0,0,0,0,0,0,0,0,0,0,0,0,0,0,0,0,1,0,0,0,0,0,0,2010
146,138,147,G.I. Joe Collector's Club,Adventurer (African American),2005,AA figure; Includes ATV cloisonne pin;,1:6 figure,G.I. Joe Collector's Club,43.0,22.0,,,tv.left.top.middle,1,0,0,0,0,0,0,0,0,0,0,0,0,0,0,0,0,0,0,0,0,0,0,0,0,0,0,0,0,0,2005
147,139,148,G.I. Joe Collector's Club,Aged Adventurer,2004,Horseshoe baldie; 2004 G.I. Joe Convention souvenier figure,1:6 figure,G.I. Joe Collector's Club,72.0,,,,tv.left.top.middle,1,0,0,0,0,0,0,0,0,0,0,0,0,0,0,0,0,0,0,0,0,0,0,0,0,0,0,0,0,0,2000
148,140,149,G.I. Joe Collector's Club,Air Adventurer,2002,"Life-like hair and beard; ""Life-like Hair and Beard"" cloisonne pin; Extra head due to hair color problem",1:6 figure,G.I. Joe Collector's Club,43.0,22.0,,,03.00,1,0,0,0,0,0,0,0,0,0,0,0,0,0,0,0,0,0,0,0,0,0,0,0,0,0,0,0,0,0,2000
149,141,150,G.I. Joe Collector's Club,Arctic Adventurer,2007,Free with membership;,1:6 figure,G.I. Joe Collector's Club,0.0,,,,03.21,1,0,0,0,0,0,0,0,0,0,0,0,0,0,0,0,0,0,0,0,0,0,0,0,0,0,0,0,0,0,2005
153,143,154,G.I. Joe Collector's Club,Clear Joe with Super Articulated Body,2002,Free with membership;,1:6 figure,G.I. Joe Collector's Club,0.0,22.0,,,03.16,0,0,0,0,0,0,0,0,0,0,0,0,0,0,0,0,0,0,0,0,0,0,0,0,0,0,0,0,0,0,2000
154,144,155,G.I. Joe Collector's Club,Clear Joe with Timeless 40th Anniversary Body,2004,Free with membership;,1:6 figure,G.I. Joe Collector's Club,0.0,22.0,,,03.24,0,0,0,0,0,0,0,0,0,0,0,0,0,0,0,0,0,0,0,0,0,0,0,0,0,0,0,0,0,0,2000
158,147,159,G.I. Joe Collector's Club,Foreign Adventurer,2006,Free with membership;,1:6 figure,G.I. Joe Collector's Club,0.0,,,,03.36,1,0,0,0,0,0,0,0,0,0,0,0,0,0,0,0,0,0,0,0,0,0,0,0,0,0,0,0,0,0,2005
159,148,160,G.I. Joe Collector's Club,Green Beret (reproduction outfit on vintage Action Soldier),2007,Vintage figure given to me by John Van Note; Boots from Marine Beachhead set,1:6 figure,G.I. Joe Collector's Club,0.0,,,,window.left.bottom.middle,0,0,0,1,0,0,0,0,0,0,0,0,0,0,0,0,0,0,0,0,0,0,0,0,0,0,0,0,0,0,2005
163,151,164,G.I. Joe Collector's Club,Man of Asia,2008,Flocked Asian head; Dressed in separate Kung Fu outfit,1:6 figure,G.I. Joe Collector's Club,0.0,22.0,,,tv.left.top.middle,1,0,0,0,0,0,0,0,0,0,0,0,0,1,0,0,0,0,0,0,0,0,0,0,0,0,0,0,0,0,2005
164,152,165,G.I. Joe Collector's Club,Navy Honor Guard,2004,Free with Convention General's Package; Set was uniform on cards only - used available figure;,1:6 figure,G.I. Joe Collector's Club,0.0,,,,03.08,0,0,0,0,0,0,0,0,0,0,0,0,0,0,0,0,0,0,0,1,0,0,0,0,0,0,0,0,0,0,2000
165,153,166,G.I. Joe Collector's Club,Philippine Invader,2002,2002 G.I. Joe Convention Souvenier figure,1:6 figure,G.I. Joe Collector's Club,39.0,23.0,,,window.left.top.middle,0,0,0,0,0,0,0,0,0,0,0,0,0,0,0,0,1,0,0,0,0,0,0,0,0,0,0,0,0,0,2000
168,155,169,G.I. Joe Collector's Club,Sea Adventurer,2003,Reproduction Adventure Team figure; Life-like hair and beard; Sea sled cloisonne pin,1:6 figure,G.I. Joe Collector's Club,43.0,22.0,,,tv.left.top.middle,1,0,0,0,0,0,0,0,0,0,0,0,0,0,0,0,0,0,0,0,0,0,0,0,0,0,0,0,0,0,2000
169,156,170,G.I. Joe Collector's Club,Talking Adventure Team Commander,2003,"Life-like hair and beard; ""I've got a tough assignment for you"" cloisonne pin; Extra head due to beard sculpt problem",1:6 figure,G.I. Joe Collector's Club,53.0,22.0,,,tv.left.top.middle,1,0,0,0,0,0,0,0,0,0,0,0,0,0,0,0,0,0,0,0,0,0,0,0,0,0,0,0,0,0,2000
170,157,171,G.I. Joe Collector's Club,Talking Astronaut,2003,"Reproduction; Talker; White jump suit, hat, snoopy cap, 2 types of boots",1:6 figure,G.I. Joe Collector's Club,53.0,22.0,,,03.09,0,0,0,0,1,0,0,0,0,0,0,0,0,0,0,0,0,0,0,0,0,0,0,0,0,0,0,0,0,0,2000
193,177,192,Hasbro,Army Golden Knight,1997,AA Figure; Two outfits (black and gold);,1:6 figure,FAO Schwarz,140.0,18.0,,,03.00,0,0,0,1,0,0,0,0,0,0,0,0,0,0,0,0,0,0,0,0,0,0,0,0,0,0,0,0,0,0,1995
204,187,202,Hasbro,Deep Sea Diver - Danger of the Depths,1999,Diecast acessories;,1:6 figure,KB Toys,49.99,30.0,,,03.00,0,0,0,0,0,0,0,0,0,0,0,0,0,0,0,0,0,0,0,1,0,0,0,0,0,0,0,0,0,0,1995
205,188,203,Hasbro,Delta Soldier,1999,Includes 35th Anniversary patch,1:6 figure,KB Toys,27.99,,,,03.48,0,0,0,1,0,0,0,0,0,0,0,0,0,0,0,0,0,0,0,0,0,0,0,0,0,0,0,0,0,0,1995
207,190,205,Hasbro,Dress Marine,1996,Colton body;,1:6 figure,Toys R Us,19.99,,,,03.16,0,0,0,0,0,0,0,0,0,0,0,0,0,0,0,0,1,0,0,0,0,0,0,0,0,0,0,0,0,0,1995
213,196,211,Hasbro,Friendship 7,2000,Friendship VII space capsule; ,1:6 figure,FAO Schwarz,65.0,18.0,,,03.28,0,0,0,0,1,0,0,0,0,0,0,0,0,0,0,0,0,0,0,0,0,0,0,0,0,0,0,0,0,0,2000
219,202,217,Hasbro,Honor Guard,2000,Dress uniform used at the Tomb of the Unknown Soldier,1:6 figure,Small Blue Planet,19.99,,,,window.left.top.lower,0,0,0,1,0,0,0,0,0,0,0,0,0,0,0,0,0,0,0,0,0,0,0,0,0,0,0,0,0,0,2000
220,203,218,Hasbro,Indiana Jones Epic Stunt Spectacular,2004,Includes mummy,1:6 figure,Walt Disney World,40.0,12.0,,,03.12,1,0,0,0,0,0,0,0,0,0,0,0,0,0,0,0,0,0,0,0,0,0,0,0,0,1,0,0,0,0,2000
223,206,221,Hasbro,M.O.P.P. Marine,2000,,1:6 figure,Small Blue Planet,24.99,,,,desk.right.top.upper,0,0,0,0,0,0,0,0,0,0,0,0,0,0,0,0,1,0,0,0,0,0,0,0,0,0,0,0,0,0,2000
230,213,228,Hasbro,Mission Space,2004,,1:6 figure,Walt Disney World,40.0,12.0,,,03.28,0,0,0,0,1,0,0,0,0,0,0,0,0,0,0,0,0,0,0,0,0,0,0,0,0,0,0,0,0,0,2000
250,232,248,Hasbro,Secret Mission to Spy Island,1999,,1:6 figure,Ames,19.99,28.0,"Camoflauge BDUs, knit cap, detonator;",,tv.left.top.middle,1,0,0,0,0,0,0,0,0,0,0,0,0,0,0,0,0,0,0,0,0,0,0,0,1,0,0,0,0,0,1995
259,241,257,Hasbro,U.S. Coast Guard,1998,,1:6 figure,,5.0,,,,03.01,0,0,0,0,0,0,0,0,1,0,0,0,0,0,0,0,0,0,0,0,0,0,0,0,0,0,0,0,0,0,1995
268,249,266,Hasbro,WWII European Theater,2002,Head is currently off figure but can be replaced;,1:6 figure,,3.48,,,,04.00,0,0,0,1,0,0,0,0,0,0,0,0,0,0,0,0,0,0,0,0,0,0,0,0,0,0,0,0,0,0,2000
272,253,270,Hot Toys,300 King Leonidas,2010,,1:6 figure,Sideshow Collectibles,149.99,,,Gerard Butler,04.00,0,0,0,0,0,0,0,0,0,0,0,0,0,0,0,0,0,0,0,0,0,0,0,0,0,1,1,0,0,0,2010
273,254,271,Hot Toys,Armored Batman (Batman v. Superman),2016,MMS 349,1:6 figure,Sideshow Collectibles,249.99,,,Ben Affleck,desk.left.top.upper,0,0,0,0,0,0,0,0,0,1,0,0,0,0,0,0,0,0,0,0,0,0,0,0,0,1,0,0,0,0,2015
274,255,272,Hot Toys,Batman (1989 Version) DX Series (DX09),2012,,1:6 figure,Sideshow Collectibles,239.99,,,Michael Keaton,desk.left.top.middle,0,0,0,0,0,0,0,0,0,1,0,0,0,0,0,0,0,0,0,0,0,0,0,0,0,1,0,0,0,0,2010
275,256,273,Hot Toys,Batman 1966,2014,MMS 218,1:6 figure,Sideshow Collectibles,204.99,,Contains multiple portraits,Adam West,desk.left.top.middle,0,0,0,0,0,0,0,0,0,1,0,0,0,0,0,0,0,0,0,0,0,0,0,0,0,1,0,0,0,0,2010
276,257,274,Hot Toys,Blade II,2010,,1:6 figure,Sideshow Collectibles,159.99,,,Wesley Snipes,03.00,0,0,0,0,0,0,0,0,0,1,0,0,0,0,0,0,0,0,0,0,0,0,0,0,0,1,0,0,0,0,2010
277,258,275,Hot Toys,Captain America - The First Avenger,2011,World War II Version,1:6 figure,Sideshow Collectibles,169.99,,,Chris Evans,tv.right.top.lower,0,0,0,0,0,0,0,0,0,1,0,0,0,0,0,0,0,0,0,0,0,0,0,0,0,1,0,0,0,0,2010
281,262,279,Hot Toys,First Order TIE Pilot,2015,MMS 324,1:6 figure,Sideshow Collectibles,199.0,,,,shelf.20x15.02,0,0,0,0,0,0,0,0,0,0,0,0,0,0,0,0,0,0,0,0,0,0,1,0,0,1,0,0,0,0,2015
282,263,280,Hot Toys,Han Solo,2015,"MMS 263;
Part of a 2 figure set with Chewbacca;
Episode IV - A New Hope version",1:6 figure,Sideshow Collectibles,479.99,,,Harrison Ford,shelf.20x15.01,0,0,0,0,0,0,0,0,0,0,0,0,0,0,0,0,0,0,0,0,0,0,1,0,0,1,0,0,0,0,2015
283,264,281,Hot Toys,Inglorious Basterds: Lt. Aldo Raine,2010,,1:6 figure,Urban Collector,151.99,,,Brad Pitt,03.00,0,0,0,1,0,0,0,0,0,0,0,0,0,0,0,0,0,0,0,0,0,0,0,0,0,1,0,0,0,0,2010
288,269,286,Hot Toys,"Michael Jackson, Thriller Version (Regular Michael)",2009,Thriller; zombie; ,1:6 figure,Sideshow Collectibles,189.99,,Red leather pop star Michael Jackson.,Michael Jackson,03.08,0,0,0,0,0,0,1,0,0,0,0,0,0,0,1,0,0,0,0,0,0,0,0,0,0,0,0,0,0,0,2005
289,270,287,Hot Toys,"Michael Jackson, Thriller Version (Zombie Michael)",2009,Thriller; zombie; ,1:6 figure,Sideshow Collectibles,189.99,,Zombie Michael Jackson from Thriller video,Michael Jackson,window.right.bottom.upper,0,0,0,0,0,0,1,0,0,0,0,0,0,0,1,0,0,0,0,0,0,0,0,0,0,0,0,0,0,0,2005
291,272,289,Hot Toys,"Robin, The Boy Wonder",2014,MMS 219,1:6 figure,Sideshow Collectibles,189.99,,,Burt Ward,desk.left.top.middle,0,0,0,0,0,0,0,0,0,1,0,0,0,0,0,0,0,0,0,0,0,0,0,0,0,1,0,0,0,0,2010
293,274,291,Hot Toys,Selina Kyle,2013,,1:6 figure,Zolocon,225.0,,,Anne Hathaway,desk.left.top.middle,0,0,0,0,0,0,0,0,0,1,0,0,0,0,0,0,0,0,0,0,0,0,0,0,0,1,0,0,0,0,2010
295,276,293,Hot Toys,Superman (Batman v. Superman),2016,MMS 343,1:6 figure,Sideshow Collectibles,209.99,,,Henry Cavill,desk.left.top.upper,0,0,0,0,0,0,0,0,0,1,0,0,0,0,0,0,0,0,0,0,0,0,0,0,0,1,0,0,0,0,2015
296,277,294,Hot Toys,T800 - Terminator 2,2010,,1:6 figure,Sideshow Collectibles,164.99,,,Arnold Schwarzenegger,shelf.20x15.04,0,0,0,0,0,0,0,0,0,0,0,0,0,0,0,0,0,0,0,0,0,0,1,0,0,1,0,0,0,0,2010
297,278,295,Hot Toys,The Dark Knight: Batman - Sonar (DX02),2009,,1:6 figure,Urban Collector,149.99,,,Christian Bale,desk.left.top.middle,0,0,0,0,0,0,0,0,0,1,0,0,0,0,0,0,0,0,0,0,0,0,0,0,0,1,0,0,0,0,2005
299,280,297,Hot Toys,The Dark Knight: The Joker - Gotham City Police (DX01),2009,"1 of 2, Joker outfit",1:6 figure,Urban Collector,159.99,,,Heath Ledger,desk.left.top.middle,0,0,0,0,0,0,0,0,0,1,0,0,0,0,0,0,0,0,0,0,0,0,0,0,0,1,0,0,0,0,2005
300,281,298,Hot Toys,The Godfather Don Vito Corleone (Sideshow Exclusive Version),2009,"Includes chair, cat, backdrop, etc.",1:6 figure,Sideshow Collectibles,149.99,,,Marlon Brando,desk.above.02,0,0,0,0,0,0,0,0,0,0,0,0,0,0,0,0,0,0,0,0,0,0,0,0,0,1,0,0,0,0,2005
306,287,304,Jakks Pacific,Stone Cold Steve Austin,1999,,1:6 figure,,10.0,,,Stone Cold Steve Austin,03.04,0,0,0,0,0,0,0,0,0,0,0,0,0,0,0,0,0,0,0,0,0,0,0,1,0,0,0,0,0,0,1995
310,291,308,Kenner,Belgian Para-commando,1997,,1:6 figure,Connecticut Convention,0.0,,,,03.00,0,0,0,0,0,0,0,0,0,0,0,0,0,1,0,0,0,0,0,0,0,0,0,0,0,0,0,0,0,0,1995
325,306,323,Majestic Studios,The Abominable Dr. Phibes,2005,,1:6 figure,,59.95,,,Vincent Price,03.00,0,0,0,0,0,0,0,0,0,0,0,0,0,0,1,0,0,0,0,0,0,0,0,0,0,1,0,0,0,0,2005
343,323,340,Mattel,Ken as Henry Higgins in My Fair Lady,1995,,1:6 figure,,50.0,,,,TBD,0,0,0,0,0,0,0,0,0,0,0,0,0,0,0,0,0,0,0,0,0,0,0,0,0,1,0,0,0,0,1995
345,325,342,Mattel,Mountain Climbing,2000,,1:6 figure,Small Blue Planet,9.99,,,,03.01,1,0,0,0,0,0,0,0,0,0,0,0,0,0,0,0,0,0,0,0,0,0,0,0,0,0,0,0,0,0,2000
355,335,352,N2 Toys,Neo,2000,Run of the mill Neo figure with a seemingly small head. ,1:6 figure,Hall of Heroes,18.95,,Dressed in black trenchcoat outfit.,Keanu Reeves,03.33,0,0,0,0,0,0,0,0,0,0,0,0,0,0,0,0,0,0,0,0,0,0,1,0,0,1,0,0,0,0,2000
364,344,359,Playing Mantis,Captain Action as Tonto,1998,,1:6 figure,KB Toys,19.99,,,,03.21,0,0,0,0,0,0,0,0,0,0,0,0,0,0,0,0,0,0,0,0,0,0,0,0,0,0,0,1,0,0,1995
365,345,360,Playing Mantis,"Dr. Evil as Ming the Merciless, Arch Enemy of Flash Gordon",1999,,1:6 figure,KB Toys,9.99,,,,03.16,0,0,0,0,0,0,0,0,0,0,0,0,0,0,0,0,0,0,0,0,0,0,1,0,0,0,0,0,0,0,1995
368,348,363,Playing Mantis,"Kato, The Green Hornet's Sidekick, for Captain Action",2000,Equipment set put on Captain Action figure from earlier Playing Mantis Kato.,1:6 figure,Small Blue Planet,10.99,,,,03.36,0,0,0,0,0,0,0,0,0,0,0,0,0,0,0,0,0,1,0,0,0,0,0,0,0,1,0,0,0,0,2000
372,352,367,Product Enterprises,Count Dracula,2004,,1:6 figure,,55.0,,,Christopher Lee,shelf.20x15.03,0,0,0,0,0,0,0,0,0,0,0,0,0,0,1,0,0,0,0,0,0,0,0,0,0,1,0,0,0,0,2000
382,361,377,Sideshow,Batman,2014,Three headsculpt with three separate facial portraits included.,1:6 figure,Sideshow Collectibles,199.0,40.0,On display: short eared cowl with straight mouth portrait,,desk.left.top.middle,0,0,0,0,0,0,0,0,0,1,0,0,0,0,0,0,0,0,0,0,0,0,0,0,0,0,0,0,0,0,2010
386,365,381,Sideshow,Catwoman,2013,,1:6 figure,Sideshow Collectibles,189.99,,,,03.26,0,0,0,0,0,0,0,0,0,1,0,0,0,0,0,0,0,0,0,0,0,0,0,0,0,0,0,0,0,0,2010
390,369,385,Sideshow,Crimson Cobra Commander,2009,,1:6 figure,Sideshow Collectibles,109.99,1.0,,,03.48,0,0,0,0,0,0,0,0,0,0,0,0,0,0,0,0,0,0,0,0,0,1,0,0,0,0,0,0,0,0,2005
391,370,386,Sideshow,Darth Maul,2006,,1:6 figure,Hall of Heroes,54.99,,,Ray Parks,shelf.20x15.02,0,0,0,0,0,0,0,0,0,0,0,0,0,0,0,0,0,0,0,0,0,0,1,0,0,1,0,0,0,0,2005
392,371,387,Sideshow,Darth Vader,2015,,1:6 figure,Sideshow Collectibles,249.99,,,,shelf.20x15.02,0,0,0,0,0,0,0,0,0,0,0,0,0,0,0,0,0,0,0,0,0,0,1,0,0,1,0,0,0,0,2015
394,373,389,Sideshow,Dracula - Count Dracula,2001,,1:6 figure,Small Blue Planet,24.99,,,Bela Lugosi,shelf.20x15.03,0,0,0,0,0,0,0,0,0,0,0,0,0,0,1,0,0,0,0,0,0,0,0,0,0,1,0,0,0,0,2000
396,375,391,Sideshow,Frankenstein - Fritz,2001,,1:6 figure,Small Blue Planet,24.99,,,Dwight Frye,03.20,0,0,0,0,0,0,0,0,0,0,0,0,0,0,1,0,0,0,0,0,0,0,0,0,0,1,0,0,0,0,2000
403,382,398,Sideshow,Gunnery Sgt. R. Lee Ermey - Dress Blues,2006,Talking figure;,1:6 figure,Hall of Heroes,39.99,,,R. Lee Ermey,03.17,0,0,0,0,0,0,0,0,0,0,0,0,0,0,0,0,1,0,0,0,0,0,0,0,0,0,0,0,0,0,2005
408,387,403,Sideshow,Indiana Jones - Arnold Toht (Sideshow Exclusive Edition),2009,,1:6 figure,Sideshow Collectibles,169.99,40.0,,Ronald Lacey,03.21,0,0,0,0,0,0,0,0,0,0,0,0,0,1,0,0,0,0,0,0,0,0,0,0,0,1,0,0,0,0,2005
410,389,405,Sideshow,Leia Organa (from A New Hope),2007,,1:6 figure,Hall of Heroes,54.99,,,Carrie Fisher,shelf.20x15.01,0,0,0,0,0,0,0,0,0,0,0,0,0,0,0,0,0,0,0,0,0,0,1,0,0,1,0,0,0,0,2005
411,390,406,Sideshow,License to Kill - Franz Sanchez,2003,Includes Uzi & iguana,1:6 figure,Hall of Heroes,35.99,,,Robert Davi,03.18,0,0,0,0,0,0,0,0,0,0,0,0,0,0,0,0,0,0,0,0,0,0,0,0,1,1,0,0,0,0,2000
415,394,410,Sideshow,R2D2,2015,,1:6 figure,Sideshow Collectibles,149.99,,,,shelf.20x15.01,0,0,0,0,0,0,0,0,0,0,0,0,0,0,0,0,0,0,0,0,0,0,1,0,0,1,0,0,0,0,2015
418,397,413,Sideshow,Superman - The Movie - Superman (Sideshow Exclusive),2011,,1:6 figure,Sideshow Collectibles,209.99,40.0,,Christopher Reeve,desk.left.top.middle,0,0,0,0,0,0,0,0,0,1,0,0,0,0,0,0,0,0,0,0,0,0,0,0,0,1,0,0,0,0,2010
419,398,414,Sideshow,The Bride of Frankenstein - The Bride,2001,,1:6 figure,Hall of Heroes,25.99,,,Elsa Lanchester,shelf.20x15.03,0,0,0,0,0,0,0,0,0,0,0,0,0,0,1,0,0,0,0,0,0,0,0,0,0,1,0,0,0,0,2000
420,399,415,Sideshow,The Bride of Frankenstein - The Monster,2001,,1:6 figure,Hall of Heroes,25.99,,,Boris Karloff,,0,0,0,0,0,0,0,0,0,0,0,0,0,0,1,0,0,0,0,0,0,0,0,0,0,1,0,0,0,0,2000
421,400,416,Sideshow,The Hunchback of Notre Dame - Quasimodo,2004,,1:6 figure,Hall of Heroes,34.99,,,Lon Chaney,03.12,0,0,0,0,0,0,0,0,0,0,0,0,0,0,1,0,0,0,0,0,0,0,0,0,0,1,0,0,0,0,2000
422,401,417,Sideshow,The Invisible Man - The Invisible Man,2005,,1:6 figure,Hall of Heroes,39.99,,,Claude Rains,shelf.20x15.03,0,0,0,0,0,0,0,0,0,0,0,0,0,0,1,0,0,0,0,0,0,0,0,0,0,1,0,0,0,0,2005
425,404,420,Sideshow,The Phantom of the Opera - Mask of the Red Death,2002,,1:6 figure,Hall of Heroes,29.99,,,Lon Chaney,03.00,0,0,0,0,0,0,0,0,0,0,0,0,0,0,1,0,0,0,0,0,0,0,0,0,0,1,0,0,0,0,2000
426,405,421,Sideshow,The Phantom of the Opera - The Phantom,2001,,1:6 figure,Hall of Heroes,24.99,,,Lon Chaney,shelf.20x15.03,0,0,0,0,0,0,0,0,0,0,0,0,0,0,1,0,0,0,0,0,0,0,0,0,0,1,0,0,0,0,2000
427,406,422,Sideshow,The Wolf Man - Bela the Gypsy,2001,,1:6 figure,Small Blue Planet,34.99,,,Bela Lugosi,03.00,0,0,0,0,0,0,0,0,0,0,0,0,0,0,1,0,0,0,0,0,0,0,0,0,0,1,0,0,0,0,2000
429,408,424,Sideshow,The Wolf Man - Wolf Man,2001,"Lon in his Wolf Man makeup with shirt and pants. I always wished they made this figure shirtless - like the Aurora Wolf Man model kit, even though I don't think Lon's Wolf Man ever appeared that way in the movies.",1:6 figure,Small Blue Planet,24.99,,,Lon Chaney Jr.,shelf.20x15.03,0,0,0,0,0,0,0,0,0,0,0,0,0,0,1,0,0,0,0,0,0,0,0,0,0,1,0,0,0,0,2000
430,409,425,Sideshow,Thunderball - James Bond,2004,,1:6 figure,Hall of Heroes,39.99,,,Sean Connery,03.00,0,0,0,0,0,0,0,0,0,0,0,0,0,0,0,0,0,0,0,0,0,0,0,0,1,1,0,0,0,0,2000
432,411,427,Sideshow,White Zombie - Murder Legendre,2001,,1:6 figure,Hall of Heroes,29.99,,,Bela Lugosi,03.00,0,0,0,0,0,0,0,0,0,0,0,0,0,0,1,0,0,0,0,0,0,0,0,0,0,1,0,0,0,0,2000
433,412,428,Sideshow,Yoda ,2011,,1:6 figure,Sideshow Collectibles,74.99,40.0,,,shelf.20x15.01,0,0,0,0,0,0,0,0,0,0,0,0,0,0,0,0,0,0,0,0,0,0,1,0,0,1,0,0,0,0,2010
438,417,433,Toy Biz,Spider-Man,2001,,1:6 figure,Hall of Heroes,19.99,,,Toby Maguire,03.34,0,0,0,0,0,0,0,0,0,1,0,0,0,0,0,0,0,0,0,0,0,0,0,0,0,1,0,0,0,0,2000
440,419,435,Toypresidents,George Washington Talking Action Figure,2003,,1:6 figure,,30.0,,,George Washington,tv.right.top.upper,0,0,0,0,0,0,0,0,0,0,0,0,0,0,0,0,0,0,0,0,0,0,0,0,0,0,0,0,1,0,2000
445,424,440,Triad Toys,Zorro,2011,,1:6 figure,Big Bad Toy Store,114.99,,,Timothy Dalton,TBD,0,0,0,0,0,0,0,0,0,0,0,0,0,0,0,0,0,0,0,0,0,0,0,0,0,1,0,1,0,0,2010
455,434,450,ZC World,Charlie Chaplin,2012,,1:6 figure,Timewalker Toys,179.99,,,Charlie Chaplin,desk.above.02,0,0,0,0,0,0,0,0,0,0,0,0,0,0,0,0,0,0,0,0,0,0,0,0,0,1,0,0,0,0,2010
456,435,451,ZC World,Mr. Bean (Deluxe Version),2015,"Sofa in box 4.03. Reciept says ""Basic version"" but the figure has all extras from the Deluxe version.",1:6 figure,Cotswold Collectibles,203.99,,,Rowan Atkinson,desk.above.02,0,0,0,0,0,0,0,0,0,0,0,0,0,0,0,0,0,0,0,0,0,0,0,0,0,1,0,0,0,0,2015
458,437,452,Hot Toys,Thor - Thor: The Dark World,2013,Thor figure from Thor: The Dark World motion picture; Hot Toys MMS 224,1:6 figure,,199.99,,,Chris Hemsworth,tv.right.top.lower,0,0,0,0,0,0,0,0,0,1,0,0,0,0,0,0,0,0,1,0,0,0,0,0,0,1,0,0,0,0,2010
459,438,453,Craft One,Clockwork Alex,2016,"Alex from Stanley Kubrick's film, ""A Clockwork Orange",1:6 figure,Timewalker Toys,129.99,,,Malcolm McDowell,window.right.bottom.upper,0,0,0,0,0,0,0,0,0,0,0,0,0,0,0,0,0,0,0,0,0,0,0,0,0,0,0,0,0,0,2015
460,439,454,Hot Toys,Wonder Woman (Batman v. Superman),2017,Wonder Woman in standard costume from movie Batman v. Superman,1:6 figure,Sideshow Collectibles,234.99,,Wonder Woman in standard costume from movie Batman v. Superman,Gal Gadot,desk.left.top.upper,0,0,0,0,0,0,0,0,0,1,1,0,0,0,0,0,0,0,0,0,0,0,0,0,0,1,0,0,0,0,2015
461,440,455,Hot Toys,Batman (Batman v. Superman),2016,Batman in standard costume from movie Batman v. Superman,1:6 figure,Sideshow Collectibles,234.99,,Wonder Woman in standard costume from movie Batman v. Superman,Gal Gadot,desk.left.top.upper,0,0,0,0,0,0,0,0,0,0,0,0,0,0,0,0,0,0,0,0,0,0,0,0,0,0,0,0,0,0,2015
462,441,456,Hot Toys,Daredevil,2017,Daredevil from the Marvel Netflix series. Multiple portraits included,1:6 figure,Sideshow Collectibles,229.99,,Displaying fight damage portrait,Charlie Cox,tv.right.top.middle,0,0,0,0,0,0,0,0,0,1,0,0,0,0,0,0,0,0,1,0,0,0,0,0,0,1,0,0,0,0,2015
463,1441,1456,Medicom,The Dark Knight Returns Batman,2014,Batman as seen in The Dark Knight Returns graphic novel.,1:6 figure,eBay,160.0,,"Dressed in grey tights with black trunks, boots, gloves, cape and cowl. Large black bat symbol on chest.",,desk.left.top.lower,0,0,0,0,0,0,0,0,0,1,1,0,0,0,0,0,0,0,0,0,0,0,0,0,0,0,0,0,0,0,2010
464,1442,1458,Phicen,Rocketman (George Wallace),2014,George Wallace as Commando Cody from the 1952 serial 'Radar Men from the Moon.',1:6 figure,Big Bad Toy Store,181.99,,Dressed in leather jacket with rocket pack and bullet-style helment.,George Wallace,shelf.20x15.04,0,0,0,0,0,0,0,0,0,0,0,0,0,0,0,0,0,0,0,0,0,0,1,0,0,1,0,0,0,0,2010
465,1444,1460,Sphero,BB-8,2016,Remote-controlled BB-8. Possibly not true 1/6-scale.,1:6 figure,Bed Bath & Beyond,150.0,,,,shelf.20x15.02,0,0,0,0,0,0,0,0,0,0,0,0,0,0,0,0,0,0,0,0,0,0,1,0,0,1,0,0,0,0,2015
466,1445,1461,Hongkong COO MODEL,Gothic Knight,2016,B,1:6 figure,Timewalker Toys,150.0,,,,desk.above.04,0,0,0,0,0,0,0,0,0,0,0,0,0,0,0,0,0,0,0,0,0,0,1,0,0,1,0,0,0,0,2015
467,1447,1464,DiD,Napoleon Bonaparte,2017,French Emperor Napolean.,1:6 figure,Timewalker Toys,139.99,,"'Regular' version of Napolean. (Coat has white lapels, as opposed to 'Battle' version with navy lapels.)",,desk.above.01,0,0,0,0,0,0,0,0,0,0,0,0,0,0,0,0,0,0,0,0,0,0,0,0,0,0,0,0,0,0,2015
468,1448,1465,DiD,Martin Luther King Jr.,2014,Standard edition with overcoat and bible. No robes or podium.,1:6 figure,Timewalker Toys,149.99,,,Martin Luther King Jr.,desk.above.01,0,0,0,0,0,0,0,0,0,0,0,0,0,0,0,0,0,0,0,0,0,0,0,0,0,0,0,0,1,0,2010
469,2446,2463,Phicen,La Muerta,2016,Female horror comic protagonist from the graphic novel of the same name by Brian Pulido.,1:6 figure,Timewalker Toys,145.99,,Female figure dressed in Day of the Dead skelton costume with red wrap and scythe.,,window.right.bottom.upper,0,0,0,0,0,0,0,0,0,1,0,0,0,0,1,0,0,0,0,0,0,0,0,0,0,0,0,0,0,0,2015
470,3446,3463,Phicen,Vincent Price Presents,2017,Vincent Price as dressed on the cover of Vincent Price Presents #1 (comics),1:6 figure,Timewalker Toys,163.99,,Vincent Price as dressed in Victorian garb on the cover of Vincent Price Presents #1 (comics). Ruffled shirt. Bow tie. Waistcoat. Victorian tailcoat.,Vincent Price,desk.above.02,0,0,0,0,0,0,1,0,0,0,0,0,0,0,1,0,0,0,0,0,0,0,0,0,0,1,0,0,0,0,2015
471,4446,4463,Hot Toys,Spider-Man (from Spider-Man: Homecoming),2017,Tom Holland as Spider-Man from the MCU,1:6 figure,Sideshow Collectibles,229.99,,Tom Holland as Spider-Man from the MCU's 'Spider-Man: Homecoming',Tom Holland,tv.right.top.middle,0,0,0,0,0,0,0,0,0,1,0,0,0,0,0,0,0,0,1,0,0,0,0,0,0,1,0,0,0,0,2015
472,5446,5463,Hot Toys,Yoda,2019,Yoda from Star Wars Episode II: Attack of the Clones,1:6 figure,Sideshow Collectibles,189.0,,"""Younger"" Yoda frm Attack of the Clones",,shelf.20x15.01,0,0,0,0,0,0,0,0,0,0,0,0,0,0,0,0,0,0,0,0,0,0,0,0,0,0,0,0,0,0,2015
473,5447,5464,Molecule 8,John Lennon,2018,John Lennon circa 1971,1:6 figure,Sideshow Collectibles,299.95,,Two outfits. Two heads. One guitar.,John Lennon,desk.above.02,0,0,0,0,0,0,0,0,0,1,0,0,0,0,0,0,0,0,1,0,0,0,0,0,0,1,0,0,0,0,2015
474,5448,5465,Hot Toys,Black Panther,2019,"Black Panther from the film ""Black Panther""",1:6 figure,Sideshow Collectibles,259.0,,Two heads.,Chadwick Boseman,desk.right.top.lower,0,0,0,0,0,0,0,0,0,1,0,0,0,0,0,0,0,0,1,0,0,0,0,0,0,1,0,0,0,0,2015
475,5449,5466,Hot Toys,Thanos,2019,"Thanos from the film ""Avengers: Infinity War""",1:6 figure,Sideshow Collectibles,376.0,,,,desk.right.top.upper,0,0,0,0,0,0,0,0,0,1,0,0,0,0,0,0,0,0,1,0,0,0,0,0,0,1,0,0,0,0,2015
476,5450,5467,Hot Toys,Kylo Ren,2018,MMS438,1:6 figure,Sideshow Collectibles,235.0,,,Adam Driver,shelf.20x15.02,0,0,0,0,0,0,0,0,0,0,0,0,0,0,0,0,0,0,0,0,0,0,1,0,0,1,0,0,0,0,2015
477,6447,6464,Mattel,Lieutenant Uhura,2016,"Star Trek, the Original Series, Lieutenant Uhura with communicator, tricorder, stand",1:6 figure,Grace,34.99,,"Star Trek, the Original Series, Lieutenant Uhura",Nichelle Nichols,03.11,0,0,0,0,0,0,0,0,0,0,0,0,0,0,0,0,0,0,0,0,0,0,1,0,0,1,0,0,0,0,2015
478,7453,7468,Hot Toys,Ant-Man,2020,"Paul Rudd as Scott Lang, Ant-Man from ""Ant-Man and the Wasp"". Two headsculpts included, one masked, the other with the likeness of Paul Rudd.",1:6 figure,Sideshow Collectibles,219.03,,"Paul Rudd as Scott Lang, Ant-Man from ""Ant-Man and the Wasp""",Paul Rudd,desk.right.top.lower,0,0,0,0,0,1,0,0,0,1,0,0,0,0,0,0,0,0,1,0,0,0,0,0,0,1,0,0,0,0,2020
479,7456,7471,Toys Era,The Cyclopstech,2019,"Tye Sheridan as Scott Summers, Cyclops. Likness from ""X-Men: Apocalypse"".",1:6 figure,NeoGEEK Toys,179.99,,"Tye Sheridan as Scott Summers, Cyclops. Likness from ""X-Men: Apocalypse"".",Tye Sheridan,desk.right.top.lower,0,0,0,0,0,0,0,0,0,1,0,0,0,0,0,0,0,0,1,0,0,0,0,0,0,1,0,0,0,1,2015
480,7457,7472,Pop Toys,Saint Knight Jeanne la Pucelle,2018,Saint Joan of Arc in full armor. Two headsculpts. Molded hair and rooted hair.,1:6 figure,Timewalker Toys,154.99,,Saint Joan of Arc in full armor. Two headsculpts. Molded hair and rooted hair.,,desk.above.04,0,0,1,0,0,0,0,0,0,0,0,0,0,0,0,1,0,0,0,0,0,0,0,0,0,0,1,0,0,0,2015
482,7459,7474,Ou Zhi Xiang,Mummy (Standard Edition),2018,Fictional Egyptian mummy in cloth wrap with three portraits. Monster File #05.,1:6 figure,Timewalker Toys,236.99,,Fictional Egyptian mummy in cloth wrap with three portraits.,,shelf.20x15.04,0,0,0,0,0,0,0,0,0,0,0,0,0,0,1,0,0,0,0,0,0,0,0,0,0,0,0,0,0,0,2015
483,7460,7475,Mondo,Batman,2018,Batman from Batman: The Animated Series. Yellow chest emblem version.,1:6 figure,Sideshow Collectibles,125.0,,Batman from Batman: The Animated Series. Yellow chest emblem version.,,window.right.top.middle,0,0,0,0,0,0,0,0,0,1,1,0,0,0,0,0,0,0,0,0,0,0,0,0,0,1,0,0,0,0,2015
484,8447,8464,Toys Era,The Comedian (Unlicensed Joker),2020,"Unlicensed Joken/Arthur Fleck figure from ""The Joker.""",1:6 figure,One Sixth Outfitters,209.99,,"Unlicensed Joken/Arthur Fleck figure from ""The Joker."" Three head sculpt. Straight-face Joker, Smiling Joker, Arthur FLeck (no makeup)",Joaquin Phoenix,window.left.bottom.lower,0,0,0,0,0,0,0,0,0,1,1,0,0,0,0,0,0,0,0,0,0,0,0,0,0,1,0,0,0,0,2020
485,8448,8465,Hot Toys,Boba Fett (Vintage Color),2020,"The Empire Stikes Back Boba Fett in colors and packaging akin to the original 3.75"" Kenner figure. MMS571",1:6 figure,Sideshow Collectibles,294.99,,"The Empire Stikes Back Boba Fett in colors and packaging akin to the original 3.75"" Kenner figure.",,TBD,0,0,0,0,0,0,0,0,0,0,0,0,0,0,0,0,0,0,0,0,0,0,1,0,0,1,0,0,0,0,2020
486,9447,9464,Hot Toys,The Wasp (from Ant-Man and the Wasp),2020,"The Wasp from ""Ant-Man and the Wasp"". MMS498",1:6 figure,Sideshow Collectibles,251.0,,"The Wasp from ""Ant-Man and the Wasp"". Includes helmeted and unhelmeted head scuplts",Evangeline Lilly,desk.right.top.upper,0,0,0,0,0,0,0,0,0,1,0,0,0,0,0,0,0,0,1,0,0,0,0,0,0,1,0,0,0,0,2020
487,9448,9465,Hot Toys,"Iron Man Mark XLVII (from ""Spider-Man: Homecoming"")",2020,"Iron Man Mark XLVII from Spider-Man: Homecoming"". MMS427 D191",1:6 figure,Sideshow Collectibles,374.0,,"Iron Man Mark XLVII from Spider-Man: Homecoming"". Includes helmeted, unhelmeted, and empty helmet head scuplts",Robert Downey Jr.,tv.right.top.middle,0,0,0,0,0,0,0,0,0,1,0,0,0,0,0,0,0,0,1,0,0,0,0,0,0,1,0,0,0,0,2020
488,9449,9466,Hot Toys,"Iron Man Mark I (from ""Iron Man"")",2009,"Iron Man Mark I from ""Iron Man"". MMS80. Purchased figure only. No box and no flamethrower effect.",1:6 figure,eBay,346.59,,"Iron Man Mark I from ""Iron Man"". Includes helmeted and unhelmeted helmet head scuplts",Robert Downey Jr.,desk.right.top.upper,0,0,0,0,0,0,0,0,0,1,0,0,0,0,0,0,0,0,1,0,0,0,0,0,0,1,0,0,0,0,2005
489,9450,9467,DC Direct/DC Collectibles,Batman Black & White: Batman by Todd McFarlane Deluxe Statue 2.0,2020,Batman Black & White: Batman by Todd McFarlane Deluxe Statue 2.0.,Statue,Sideshow Collectibles,135.0,,Batman Black & White: Batman by Todd McFarlane Deluxe Statue 2.0.,,window.right.bottom.middle,0,0,0,0,0,0,0,0,0,1,1,0,0,0,0,0,0,0,0,0,0,0,0,0,0,0,0,0,0,0,2020
490,10447,10464,Hot Toys,Jawa and EG-6 Power Droid,2020,Jawa and EG-6 Power Droid from various Star Wars episodes. MMS554,1:6 figure,Sideshow Collectibles,267.0,,Tatooine Jawa with light-up eyes and blaster.,,shelf.20x15.02,0,0,0,0,0,0,0,0,0,1,0,0,0,0,0,0,0,0,0,0,0,0,1,0,0,1,0,0,0,0,2020
491,10447,10465,Hot Toys,Jawa and EG-6 Power Droid,2020,Jawa and EG-6 Power Droid from various Star Wars episodes. MMS554,1:6 figure,Sideshow Collectibles,267.0,,EG-6 Power Drod with articulated legs.,,shelf.20x15.01,0,0,0,0,0,0,0,0,0,1,0,0,0,0,0,0,0,0,0,0,0,0,1,0,0,1,0,0,0,0,2020
492,10448,10466,Hot Toys,First Order Stormtrooper Officer,2016,First Order Stormtrooper Officer from various Star Wars episodes in the First Order (sequel) trilogy. MMS334,1:6 figure,eBay,194.0,,First Order Stormtrooper in full armor with red pauldron.,,shelf.20x15.02,0,0,0,0,0,0,0,0,0,0,0,0,0,0,0,0,0,0,0,0,0,0,1,0,0,1,0,0,0,0,2015
493,10449,10467,Hot Toys,Death Trooper,2020,Death from various Star Wars properties. TMS013,1:6 figure,Sideshow Collectibles,235.0,,Death Trooper in full black armor.,,shelf.20x15.02,0,0,1,0,0,0,0,0,0,0,0,0,0,0,0,0,0,0,0,0,0,0,1,0,0,1,0,0,0,0,2020
494,10450,10468,Hot Toys,Sith Jet Trooper,2020,Star Wars' Sith Jet Trooper. MMS562,1:6 figure,Sideshow Collectibles,220.0,,Sith Jet Trooper in full red armor.,,shelf.20x15.02,0,0,1,0,0,0,0,0,0,0,0,0,0,0,0,0,0,0,0,0,0,0,1,0,0,1,0,0,0,0,2020
495,10451,10469,Bio Inspired,Athos the Rodeleros,2019,Knight in blue armor.,1:6 figure,Timewalker Toys,199.99,,Fictional knight in blue armor.,,shelf.20x15.04,0,0,1,0,0,0,0,0,0,0,0,0,0,0,0,1,0,0,0,0,0,0,0,0,0,0,1,0,0,0,2015
496,10452,10470,Coo Model,Frankenstein (Birth Edition) (Monster File No. 07),2019,Cartoonish Frankenstien monster with operating table. No. 07 in the Monster File series.,1:6 figure,Timewalker Toys,310.99,,Cartoonish Frankenstien monster. No. 07 in the Monster File series.,,TBD,0,0,0,0,0,0,0,0,0,0,0,0,0,0,1,0,0,0,0,0,0,0,0,0,0,0,0,0,0,0,2015
